Group,Decision Tree FScore,Decision Tree Recall,Decision Tree Precision,SVM FScore,SVM Recall,SVM Precision,NN F1Score,NN Recall,NN Precision
Group1,0.5,0.97059,0.66,0.21875,0.75,0.33871,0.5,0.375,0.75
Group2,0.34375,0.7915,0.47933,0.46875,0.75,0.57692,0.19342,0.125,0.42727
Group3,0.5,0.94444,0.65385,0.5,0.7963,0.61429,0.625,0.5,0.83333
Group4,0.5,0.86364,0.63333,0.3125,0.72672,0.43706,0.60526,0.5,0.76667
Group5,0.28125,0.7,0.40127,0.25,0.83333,0.38462,0.60811,0.5,0.77586
Group6,0.34375,0.75397,0.47221,0.3125,0.72672,0.43706,0.45132,0.34375,0.65686
Group7,0.34375,0.83333,0.48673,0.375,0.66194,0.47877,0.53645,0.4375,0.69324
